user_id,name,username,message,time
7071122079,Artur,Archer1611,üîÑ –°–ø—Ä–æ–±—É–π –∑–∞–Ω–æ–≤–æ,2026-02-17 09:49:18
7071122079,Artur,Archer1611,–ö–∏–µ–≤,2026-02-17 09:49:36
7071122079,Artur,Archer1611,–ö–∏–µ–≤,2026-02-17 09:49:42
7071122079,Artur,Archer1611,–ö–∏—ó–≤,2026-02-17 09:49:53
7071122079,Artur,Archer1611,–ü—Ä–∞–≥–∞,2026-02-17 09:50:03
7071122079,Artur,Archer1611,–ö–∏–µ–≤,2026-02-17 09:54:07
7071122079,Artur,Archer1611,–ö–∏–µ–≤,2026-02-17 09:56:31
7071122079,Artur,Archer1611,–ê—Ä–∞—Ä–∞,2026-02-17 10:02:25
7071122079,BOT,AI,–ê—Ä—Ö–∞–Ω–≥–µ–ª—å—Å–∫,2026-02-17 10:02:29
7071122079,Artur,Archer1611,–ü–æ–∞–æ–ª–∞,2026-02-17 10:04:02
7071122079,Artur,Archer1611,–ü–∞—Ä–∏–∂,2026-02-17 10:04:13
7071122079,BOT,AI,–ö–∞–ª—É–≥–∞,2026-02-17 10:04:18
7071122079,Artur,Archer1611,–ê–∑–æ—Ç,2026-02-17 10:05:42
7071122079,BOT,AI,–¢—é–º–µ–Ω—å,2026-02-17 10:05:44
7071122079,Artur,Archer1611,–ù–æ—Ä–∏–ª—å—Å–∫,2026-02-17 10:06:10
7071122079,BOT,AI,–ö–∞–ª—É–≥–∞,2026-02-17 10:06:12
7071122079,Artur,Archer1611,–ì–∞–∑–∞,2026-02-17 10:06:34
7071122079,Artur,Archer1611,–£–º–∞–Ω—å,2026-02-17 10:06:52
7071122079,Artur,Archer1611,–ê–∑–æ–≤,2026-02-17 10:07:11
7071122079,Artur,Archer1611,üîÑ –°–ø—Ä–æ–±—É–π –∑–∞–Ω–æ–≤–æ,2026-02-17 10:33:53
7071122079,Artur,Archer1611,–ö–∏–µ–≤,2026-02-17 10:33:53
7071122079,BOT,AI,–ö–∞–ª—É–≥–∞,2026-02-17 10:33:55
7071122079,Artur,Archer1611,üîÑ –°–ø—Ä–æ–±—É–π –∑–∞–Ω–æ–≤–æ,2026-02-17 10:46:32
7071122079,Artur,Archer1611,–ö–∏–µ–≤,2026-02-17 10:47:13
7071122079,BOT,AI,–ö–∞–ª—É–≥–∞,2026-02-17 10:47:15
7071122079,Artur,Archer1611,üîÑ –°–ø—Ä–æ–±—É–π –∑–∞–Ω–æ–≤–æ,2026-02-17 14:18:58
7071122079,Artur,Archer1611,–ö–∏—ó–≤,2026-02-17 14:19:08
7071122079,BOT,AI,–í—ñ–Ω–Ω–∏—Ü—è,2026-02-17 14:19:10
7071122079,Artur,Archer1611,üîÑ –°–ø—Ä–æ–±—É–π –∑–∞–Ω–æ–≤–æ,2026-02-17 15:10:12
7071122079,Artur,Archer1611,–ö–∏—ó–≤,2026-02-17 15:10:24
7071122079,Artur,Archer1611,üîÑ –°–ø—Ä–æ–±—É–π –∑–∞–Ω–æ–≤–æ,2026-02-17 15:15:26
7071122079,Artur,Archer1611,–ö–∏—ó–≤,2026-02-17 15:15:36
7071122079,Artur,Archer1611,üîÑ –°–ø—Ä–æ–±—É–π –∑–∞–Ω–æ–≤–æ,2026-02-17 15:16:09
7071122079,Artur,Archer1611,–ö–∏—ó–≤,2026-02-17 15:16:16
7071122079,Artur,Archer1611,–ö–∏–µ–≤,2026-02-17 15:16:22
7071122079,Artur,Archer1611,–ï—Ä–µ–≤–∞–Ω,2026-02-17 15:16:34
7071122079,Artur,Archer1611,üîÑ –°–ø—Ä–æ–±—É–π –∑–∞–Ω–æ–≤–æ,2026-02-17 15:33:47
7071122079,Artur,Archer1611,–ö–∏—ó–≤,2026-02-17 15:33:55
7071122079,BOT,AI,–í—ñ–Ω–Ω–∏—Ü—è,2026-02-17 15:33:58
7071122079,Artur,Archer1611,–Ø–ª—Ç–∞,2026-02-17 15:34:19
7071122079,Artur,Archer1611,üîÑ –°–ø—Ä–æ–±—É–π –∑–∞–Ω–æ–≤–æ,2026-02-17 15:42:48
7071122079,Artur,Archer1611,–ö–∏—ó–≤,2026-02-17 15:42:56
7071122079,BOT,AI,–í–∏–Ω–Ω–∏—Ü–∞,2026-02-17 15:42:59
7071122079,Artur,Archer1611,–ê–ª–º–∞—Ç–∞,2026-02-17 15:43:20
7071122079,Artur,Archer1611,–ê–ª—É–ø–∫–∞,2026-02-17 15:43:47
7071122079,Artur,Archer1611,–ê–ª—É—à—Ç–∞,2026-02-17 15:44:06
7071122079,Artur,Archer1611,üîÑ –°–ø—Ä–æ–±—É–π –∑–∞–Ω–æ–≤–æ,2026-02-17 16:08:11
7071122079,Artur,Archer1611,–ö–∏—ó–≤,2026-02-17 16:08:18
7071122079,Artur,Archer1611,–ö–∏–µ–≤,2026-02-17 16:08:31
7071122079,BOT,AI,–í–æ—Ä–æ–Ω–µ–∂,2026-02-17 16:08:33
7071122079,Artur,Archer1611,–ñ–∏—Ç–æ–º–∏—Ä,2026-02-17 16:08:46
7071122079,Artur,Archer1611,üîÑ –°–ø—Ä–æ–±—É–π –∑–∞–Ω–æ–≤–æ,2026-02-18 11:13:28
7071122079,Artur,Archer1611,–ö–∏–µ–≤,2026-02-18 11:13:34
7071122079,BOT,AI,–í–æ–ª–≥–æ–≥—Ä–∞–¥,2026-02-18 11:13:38
7071122079,Artur,Archer1611,–ü–∞—Ä–∏–∂,2026-02-18 11:13:51
7071122079,Artur,Archer1611,–î–Ω–µ–ø—Ä,2026-02-18 11:14:07
7071122079,Artur,Archer1611,–í–æ–ª—ã–Ω—å,2026-02-18 11:14:26
7071122079,Artur,Archer1611,–ö—É—Ä—Å–∫,2026-02-18 11:14:38
7071122079,Artur,Archer1611,–ö—É—Ä—Å–∫,2026-02-18 11:15:03
7071122079,Artur,Archer1611,üîÑ –°–ø—Ä–æ–±—É–π –∑–∞–Ω–æ–≤–æ,2026-02-18 12:39:42
7071122079,Artur,Archer1611,–ö–∏–µ–≤,2026-02-18 12:39:49
7071122079,BOT,AI,–í–æ–ª–≥–æ–≥—Ä–∞–¥,2026-02-18 12:39:52
7071122079,Artur,Archer1611,–î–Ω–µ–ø—Ä,2026-02-18 12:40:03
7071122079,Artur,Archer1611,–î–Ω–µ–ø—Ä,2026-02-18 12:40:19
7071122079,Artur,Archer1611,–í–æ–ª—ã–Ω—å,2026-02-18 12:40:28
7071122079,Artur,Archer1611,–ù–æ–≤–æ–º–æ—Å–∫–æ–≤—Å–∫,2026-02-18 12:40:47
7071122079,7071122079,Artur,Archer1611,üîÑ –°–ø—Ä–æ–±—É–π –∑–∞–Ω–æ–≤–æ,2026-02-18 14:52:09
7071122079,7071122079,Artur,Archer1611,–ö–∏–µ–≤,2026-02-18 14:52:14
7071122079,7071122079,Artur,Archer1611,–û–º—Å–∫,2026-02-18 14:52:25
7071122079,7071122079,Artur,Archer1611,–û—Å–ª–æ,2026-02-18 14:53:00
7071122079,7071122079,Artur,Archer1611,–£—Ñ–∞,2026-02-18 14:53:16
7071122079,7071122079,Artur,Archer1611,üîÑ –°–ø—Ä–æ–±—É–π –∑–∞–Ω–æ–≤–æ,2026-02-18 16:23:50
7071122079,7071122079,Artur,Archer1611,üîÑ –°–ø—Ä–æ–±—É–π –∑–∞–Ω–æ–≤–æ,2026-02-18 16:23:50
7071122079,7071122079,Artur,Archer1611,–ö–∏–µ–≤,2026-02-18 16:23:58
7071122079,7071122079,Artur,Archer1611,–ö–∏–µ–≤,2026-02-18 16:24:14
7071122079,7071122079,Artur,Archer1611,üîÑ –°–ø—Ä–æ–±—É–π –∑–∞–Ω–æ–≤–æ,2026-02-18 16:24:20
7071122079,7071122079,Artur,Archer1611,üí° –ü—ñ–¥–∫–∞–∑–∫–∞,2026-02-18 16:24:22
7071122079,7071122079,Artur,Archer1611,–ö–∏–µ–≤,2026-02-18 16:24:30
7071122079,7071122079,Artur,Archer1611,–û–º—Å–∫,2026-02-18 16:24:34
7071122079,7071122079,Artur,Archer1611,–õ–æ–Ω–¥–æ–Ω,2026-02-18 16:24:39
7071122079,7071122079,Artur,Archer1611,–ö–∏–µ–≤,2026-02-18 16:25:02
7071122079,7071122079,Artur,Archer1611,üí° –ü—ñ–¥–∫–∞–∑–∫–∞,2026-02-18 16:25:06
7071122079,7071122079,Artur,Archer1611,üîÑ –°–ø—Ä–æ–±—É–π –∑–∞–Ω–æ–≤–æ,2026-02-18 16:25:10
7071122079,7071122079,Artur,Archer1611,–ö–∏–µ–≤,2026-02-18 16:27:39
7071122079,7071122079,Artur,Archer1611,üîÑ –°–ø—Ä–æ–±—É–π –∑–∞–Ω–æ–≤–æ,2026-02-18 16:27:44
7071122079,7071122079,Artur,Archer1611,–ö–∏–µ–≤,2026-02-18 16:27:49
7071122079,7071122079,Artur,Archer1611,üîÑ –°–ø—Ä–æ–±—É–π –∑–∞–Ω–æ–≤–æ,2026-02-18 16:53:25
7071122079,7071122079,Artur,Archer1611,–ö–∏–µ–≤,2026-02-18 16:53:31
7071122079,7071122079,Artur,Archer1611,–ö–∏–µ–≤,2026-02-18 17:12:34
7071122079,7071122079,Artur,Archer1611,üîÑ –°–ø—Ä–æ–±—É–π –∑–∞–Ω–æ–≤–æ,2026-02-18 17:12:42
7071122079,7071122079,Artur,Archer1611,–ö–∏–µ–≤,2026-02-18 17:12:49
7071122079,7071122079,Artur,Archer1611,–û–º—Å–∫,2026-02-18 17:13:07
7071122079,7071122079,Artur,Archer1611,–ö—É—Ä—Å–∫,2026-02-18 17:13:11
7071122079,7071122079,Artur,Archer1611,–ö–∏–µ–≤,2026-02-18 17:16:11
7071122079,7071122079,Artur,Archer1611,–ü—Ä—Ä–ø–∞,2026-02-18 17:16:18
7071122079,7071122079,Artur,Archer1611,–ê–ø—Ä–æ–æ,2026-02-18 17:16:23
7071122079,7071122079,Artur,Archer1611,–ö–∏–µ–≤,2026-02-18 17:18:42
7071122079,7071122079,Artur,Archer1611,üîÑ –°–ø—Ä–æ–±—É–π –∑–∞–Ω–æ–≤–æ,2026-02-18 17:18:46
7071122079,7071122079,Artur,Archer1611,–ö–∏–µ–≤,2026-02-18 17:18:50
7071122079,7071122079,Artur,Archer1611,–°–∏–Ω–≥–∞–ø—É—Ä,2026-02-18 17:19:00
7071122079,7071122079,Artur,Archer1611,–ö–∏–µ–≤,2026-02-18 17:23:45
7071122079,7071122079,Artur,Archer1611,üîÑ –°–ø—Ä–æ–±—É–π –∑–∞–Ω–æ–≤–æ,2026-02-18 17:23:49
7071122079,7071122079,Artur,Archer1611,–û–º—Å–∫,2026-02-18 17:23:58
7071122079,7071122079,Artur,Archer1611,–ö–∏–µ–≤,2026-02-18 17:27:38
7071122079,7071122079,Artur,Archer1611,–û–º—Å–∫,2026-02-18 17:27:59
7071122079,7071122079,Artur,Archer1611,–ê—Å—Ç—Ä–∞—Ö–∞–Ω—å,2026-02-18 17:28:29
7071122079,7071122079,Artur,Archer1611,–î–æ–Ω–µ—Ü–∫,2026-02-18 17:29:05
7071122079,7071122079,Artur,Archer1611,–û–º—Å–∫,2026-02-18 17:29:33
7071122079,7071122079,Artur,Archer1611,–ê—Å—Ç—Ä–∞—Ö–∞–Ω—å,2026-02-18 17:30:17
7071122079,7071122079,Artur,Archer1611,–ù–æ–≤–æ–º–æ—Å–∫–æ–≤—Å–∫,2026-02-18 17:30:33
7071122079,7071122079,Artur,Archer1611,–ê–±—É –¥–∞–±–∏,2026-02-18 17:31:02
7071122079,7071122079,Artur,Archer1611,–ö–∏—à–∏–Ω–µ–≤,2026-02-18 17:31:45
7071122079,7071122079,Artur,Archer1611,–ò—Ä–ø–µ–Ω—å,2026-02-18 17:32:11
7071122079,7071122079,Artur,Archer1611,–ê–±—É –¥–∞–±–∏,2026-02-18 17:32:48
7071122079,7071122079,Artur,Archer1611,–ê—Å—Ç—Ä–∞—Ö–∞–Ω—å,2026-02-18 17:33:17
7071122079,7071122079,Artur,Archer1611,–ù–æ–≤–æ–º–æ—Å–∫–æ–≤—Å–∫,2026-02-18 17:33:40
7071122079,7071122079,Artur,Archer1611,–ê–Ω–∫–∞—Ä–∞,2026-02-18 17:33:58
7071122079,7071122079,Artur,Archer1611,–ù–æ—Ä–∏–ª—å—Å–∫,2026-02-18 17:34:23
7071122079,7071122079,Artur,Archer1611,–ê–±—É –¥–∞–±–∏,2026-02-18 17:34:48
7071122079,7071122079,Artur,Archer1611,–ê–±—É–¥–∞–±–∏,2026-02-18 17:35:11
7071122079,7071122079,Artur,Archer1611,üí° –ü—ñ–¥–∫–∞–∑–∫–∞,2026-02-18 17:35:42
7071122079,7071122079,Artur,Archer1611,üîÑ –°–ø—Ä–æ–±—É–π –∑–∞–Ω–æ–≤–æ,2026-02-18 18:42:37
7071122079,7071122079,Artur,Archer1611,–ö–∏–µ–≤,2026-02-18 18:42:45
7071122079,7071122079,Artur,Archer1611,üîÑ –°–ø—Ä–æ–±—É–π –∑–∞–Ω–æ–≤–æ,2026-02-18 18:45:13
7071122079,7071122079,Artur,Archer1611,–ö–∏–µ–≤,2026-02-18 18:45:21
7071122079,7071122079,Artur,Archer1611,–•–∞—Ä—å–∫–æ–≤,2026-02-18 18:45:54
7071122079,7071122079,Artur,Archer1611,–í–∏–Ω–Ω–∏—Ü–∞,2026-02-18 18:46:10
7071122079,7071122079,Artur,Archer1611,üîÑ –°–ø—Ä–æ–±—É–π –∑–∞–Ω–æ–≤–æ,2026-02-18 18:51:27
7071122079,7071122079,Artur,Archer1611,–ö–∏–µ–≤,2026-02-18 18:51:32
7071122079,7071122079,Artur,Archer1611,–í–æ–ª—ã–Ω—å,2026-02-18 18:51:56
7071122079,7071122079,Artur,Archer1611,–í–æ–ª—å–Ω–æ–≥–æ—Ä—Å–∫,2026-02-18 18:52:12
7071122079,7071122079,Artur,Archer1611,–ì—Ä–æ–∑–Ω—ã–π,2026-02-18 18:52:38
7071122079,7071122079,Artur,Archer1611,–ê–±—É –¥–∞–±–∏,2026-02-18 18:53:09
7071122079,7071122079,Artur,Archer1611,üí° –ü—ñ–¥–∫–∞–∑–∫–∞,2026-02-18 18:53:59
7071122079,7071122079,Artur,Archer1611,–ê–±—É–¥–∞–±–∏,2026-02-18 18:54:11
7071122079,7071122079,Artur,Archer1611,üîÑ –°–ø—Ä–æ–±—É–π –∑–∞–Ω–æ–≤–æ,2026-02-18 19:18:07
7071122079,7071122079,Artur,Archer1611,–ö–∏–µ–≤,2026-02-18 19:18:12
7071122079,7071122079,Artur,Archer1611,–ê–±—É –¥–∞–±–∏,2026-02-18 19:18:32
7071122079,7071122079,Artur,Archer1611,–°–æ—á–∏,2026-02-18 19:19:11
7071122079,7071122079,Artur,Archer1611,–£—Ñ–∞,2026-02-18 19:19:36
7071122079,7071122079,Artur,Archer1611,–ò—Å—Ç–∞–º–±—É–ª,2026-02-18 19:22:01
7071122079,7071122079,Artur,Archer1611,–ü—Ä–æ—Å—á,2026-02-18 19:22:44
7071122079,7071122079,Artur,Archer1611,–ù–∞–º–∏–∞–≤–ª–∏–∏,2026-02-18 19:22:58
7071122079,7071122079,Artur,Archer1611,–ù–æ—Ä–∏–ª—å—Å–∫,2026-02-18 19:23:17
7071122079,7071122079,Artur,Archer1611,–ì—Ä–∞–∑–Ω—ã–π,2026-02-18 19:23:50
7071122079,7071122079,Artur,Archer1611,–ö–∏–µ–≤,2026-02-18 19:29:50
7071122079,7071122079,Artur,Archer1611,–ö—É—Ä—Å–∫,2026-02-18 19:30:01
7071122079,7071122079,Artur,Archer1611,üîÑ –°–ø—Ä–æ–±—É–π –∑–∞–Ω–æ–≤–æ,2026-02-18 20:01:56
7071122079,7071122079,Artur,Archer1611,–ö–∏–µ–≤,2026-02-18 20:02:07
7071122079,7071122079,Artur,Archer1611,–ê–ª—É–ø–∫–∞,2026-02-18 20:03:08
7071122079,7071122079,Artur,Archer1611,üîÑ –°–ø—Ä–æ–±—É–π –∑–∞–Ω–æ–≤–æ,2026-02-19 14:42:21
7071122079,7071122079,Artur,Archer1611,–ö–∏–µ–≤,2026-02-19 14:42:25
7071122079,7071122079,Artur,Archer1611,–ö–∏–µ–≤,2026-02-19 14:42:50
7071122079,7071122079,Artur,Archer1611,–ö—É—Ä—Å–∫,2026-02-19 14:42:58
7071122079,7071122079,Artur,Archer1611,–ê—Å—Ç—Ä–∞—Ö–∞–Ω—å,2026-02-19 14:43:16
7071122079,7071122079,Artur,Archer1611,üîÑ –°–ø—Ä–æ–±—É–π –∑–∞–Ω–æ–≤–æ,2026-02-19 14:47:57
7071122079,7071122079,Artur,Archer1611,–ö–∏–µ–≤,2026-02-19 14:48:07
7071122079,7071122079,Artur,Archer1611,üîÑ –°–ø—Ä–æ–±—É–π –∑–∞–Ω–æ–≤–æ,2026-02-19 14:52:35
7071122079,7071122079,Artur,Archer1611,–ö–∏–µ–≤,2026-02-19 14:52:39
7071122079,7071122079,Artur,Archer1611,–ö–∏–µ–≤,2026-02-19 15:09:51
7071122079,7071122079,Artur,Archer1611,üîÑ –°–ø—Ä–æ–±—É–π –∑–∞–Ω–æ–≤–æ,2026-02-19 15:09:55
7071122079,7071122079,Artur,Archer1611,–ö–∏–µ–≤,2026-02-19 15:10:02
7071122079,7071122079,Artur,Archer1611,üîÑ –°–ø—Ä–æ–±—É–π –∑–∞–Ω–æ–≤–æ,2026-02-19 15:10:23
7071122079,7071122079,Artur,Archer1611,üîÑ –°–ø—Ä–æ–±—É–π –∑–∞–Ω–æ–≤–æ,2026-02-19 15:10:33
7071122079,7071122079,Artur,Archer1611,–ö–∏–µ–≤,2026-02-19 15:10:41
7071122079,7071122079,Artur,Archer1611,–ö–∏–µ–≤,2026-02-19 18:18:53
7071122079,7071122079,Artur,Archer1611,üîÑ –°–ø—Ä–æ–±—É–π –∑–∞–Ω–æ–≤–æ,2026-02-19 18:19:01
7071122079,7071122079,Artur,Archer1611,–ö–∏–µ–≤,2026-02-19 18:19:15
7071122079,7071122079,Artur,Archer1611,üîÑ –°–ø—Ä–æ–±—É–π –∑–∞–Ω–æ–≤–æ,2026-02-19 18:20:53
7071122079,7071122079,Artur,Archer1611,–ö–∏–µ–≤,2026-02-19 18:20:58
7071122079,7071122079,Artur,Archer1611,–ö–∏–µ–≤,2026-02-19 18:21:41
7071122079,7071122079,Artur,Archer1611,–û–º—Å–∫,2026-02-19 18:23:50
7071122079,7071122079,Artur,Archer1611,–•–∞—Ä—å–∫–æ–≤,2026-02-19 18:25:14
7071122079,7071122079,Artur,Archer1611,üîÑ –°–ø—Ä–æ–±—É–π –∑–∞–Ω–æ–≤–æ,2026-02-19 18:32:36
7071122079,7071122079,Artur,Archer1611,–ö–∏–µ–≤,2026-02-19 18:32:41
7071122079,7071122079,Artur,Archer1611,üîÑ –°–ø—Ä–æ–±—É–π –∑–∞–Ω–æ–≤–æ,2026-02-19 18:35:12
7071122079,7071122079,Artur,Archer1611,–ö–∏–µ–≤,2026-02-19 18:35:18
7071122079,7071122079,Artur,Archer1611,–û–º—Å–∫,2026-02-19 18:35:42
7071122079,7071122079,Artur,Archer1611,üí° –ü—ñ–¥–∫–∞–∑–∫–∞,2026-02-19 18:35:52
7071122079,7071122079,Artur,Archer1611,–ü—Å—Ç—Ä–∞—Ö–∞–Ω—å,2026-02-19 18:36:20
7071122079,7071122079,Artur,Archer1611,–ê—Ä—Ç—Ä–∞—Ö–∞–Ω—å,2026-02-19 18:36:57
7071122079,7071122079,Artur,Archer1611,–î–Ω–µ–ø—Ä,2026-02-19 18:37:15
7071122079,7071122079,Artur,Archer1611,–£–ª–∞–Ω–±–∞—Ç–æ—Ä,2026-02-19 18:37:31
7071122079,7071122079,Artur,Archer1611,–ú–∏–Ω—Å–∫,2026-02-19 18:37:51
7071122079,7071122079,Artur,Archer1611,–ê—Ä–≥–µ–Ω—Ç–∏–Ω–∞,2026-02-19 18:38:14
7071122079,7071122079,Artur,Archer1611,–ê–º—Å—Ç–µ—Ä–¥–∞–º,2026-02-19 18:38:44
7071122079,7071122079,Artur,Archer1611,–ê—Å–∫–∞–Ω–∏—è –Ω–æ–≤–∞,2026-02-19 18:39:03
7071122079,7071122079,Artur,Archer1611,–ù–æ–≤–æ—Ä–æ—Å–∏–π—Å–∫,2026-02-19 18:40:40
7071122079,7071122079,Artur,Archer1611,–ê–º–±–µ—Ä—á–∏–∫,2026-02-19 18:41:01
7071122079,7071122079,Artur,Archer1611,–ê–º–±–∞—Ä—á–∏–∫,2026-02-19 18:41:13
7071122079,7071122079,Artur,Archer1611,–ê—Å—Ç—Ä–∞—Ö–∞–Ω—å,2026-02-19 18:52:39
7071122079,7071122079,Artur,Archer1611,–ê–ª—É–ø–∫–∞,2026-02-19 18:53:44
7071122079,7071122079,Artur,Archer1611,–ö—É—Ä—Å–∫,2026-02-19 18:54:47
7071122079,7071122079,Artur,Archer1611,–ê–º–±–∞—Ä—á–∏–∫,2026-02-19 18:58:57
7071122079,7071122079,Artur,Archer1611,–ê–±—É –¥–∞–±–∏,2026-02-19 18:59:05
7071122079,7071122079,Artur,Archer1611,–û–º—Å–∫,2026-02-19 19:00:21
7071122079,7071122079,Artur,Archer1611,–ê—Ä–∫–∞–Ω–∑–∞—Å,2026-02-19 19:01:34
7071122079,7071122079,Artur,Archer1611,–õ–æ–Ω–¥–æ–Ω,2026-02-19 19:03:49
7071122079,7071122079,Artur,Archer1611,–ö–∞–ª–∏—Ñ–æ—Ä–Ω–∏—è,2026-02-19 19:10:34
7071122079,7071122079,Artur,Archer1611,–ö—É—Ä—Å–∫,2026-02-19 19:11:10
7071122079,7071122079,Artur,Archer1611,–ö—É–π–±—ã—à–µ–≤,2026-02-19 19:11:26
7071122079,7071122079,Artur,Archer1611,–î—É–±–∞–∏,2026-02-19 19:13:09
7071122079,7071122079,Artur,Archer1611,–û—Å–ª–æ,2026-02-19 19:15:51
7071122079,7071122079,Artur,Archer1611,–ì–≤–∏–Ω–µ–∞,2026-02-19 19:18:32
7071122079,7071122079,Artur,Archer1611,–ì–æ—Ä–æ–¥—ã—â–µ,2026-02-19 19:18:51
7071122079,7071122079,Artur,Archer1611,–ì–æ—Ä–ª–æ–≤–∫–∞,2026-02-19 19:18:59
7071122079,7071122079,Artur,Archer1611,–ö–∏–µ–≤,2026-02-19 19:23:56
7071122079,7071122079,Artur,Archer1611,–î–∏—Ç–æ–º–∏—Ä,2026-02-19 19:24:23
7071122079,7071122079,Artur,Archer1611,–ñ–∏—Ç–æ–º–∏—Ä,2026-02-19 19:25:03
7071122079,7071122079,Artur,Archer1611,–û–º—Å–∫,2026-02-19 19:25:33
7071122079,7071122079,Artur,Archer1611,–ê—Å—Ç—Ä–∞—Ö–∞–Ω—å,2026-02-19 19:26:00
7071122079,7071122079,Artur,Archer1611,–î–æ–Ω–µ—Ü–∫,2026-02-19 19:26:31
7071122079,7071122079,Artur,Archer1611,–ê–º—Å—Ç–µ—Ä–¥–∞–º,2026-02-19 19:26:49
7071122079,7071122079,Artur,Archer1611,–ê–º–±–∞—Ä—á–∏–∫,2026-02-19 19:27:08
7071122079,7071122079,Artur,Archer1611,–ê–Ω–∫–∞—Ä–∞,2026-02-19 19:27:24
7071122079,7071122079,Artur,Archer1611,–ù–æ—Ä–∏–ª—å—Å–∫,2026-02-19 19:27:35
7071122079,7071122079,Artur,Archer1611,–ö—Ä–∞–º–∞—Ç–æ—Ä—Å–∫,2026-02-19 19:27:52
7071122079,7071122079,Artur,Archer1611,–ê–Ω–¥–æ—Ä–∞,2026-02-19 19:28:12
7071122079,7071122079,Artur,Archer1611,–ö–∞–ª–∏—Ñ–æ—Ä–Ω–∏—è,2026-02-19 19:28:32
7071122079,7071122079,Artur,Archer1611,–õ–∏–≤–∏—è,2026-02-19 19:29:10
7071122079,7071122079,Artur,Archer1611,üîÑ –°–ø—Ä–æ–±—É–π –∑–∞–Ω–æ–≤–æ,2026-02-19 19:30:57
7071122079,7071122079,Artur,Archer1611,–ö–∏–µ–≤,2026-02-19 19:31:02
7071122079,7071122079,Artur,Archer1611,–ê—Å—Ç—Ä–∞—Ö–∞–Ω—å,2026-02-19 19:31:30
7071122079,7071122079,Artur,Archer1611,–î–Ω–µ–ø—Ä,2026-02-19 19:31:39
7071122079,7071122079,Artur,Archer1611,–£—Ñ–∞,2026-02-19 19:31:50
7071122079,7071122079,Artur,Archer1611,–¢–æ–º—Å–∫,2026-02-19 19:32:06
7071122079,7071122079,Artur,Archer1611,–ù–æ–≤–≥–æ—Ä–æ–¥,2026-02-19 19:32:18
7071122079,7071122079,Artur,Archer1611,–ö–∞–ª—É–≥–∞,2026-02-19 19:32:36
7071122079,7071122079,Artur,Archer1611,–ö—É–π–±—ã—à–µ–≤,2026-02-19 19:33:03
7071122079,7071122079,Artur,Archer1611,–ñ–∏—Ç–æ–º–∏—Ä,2026-02-19 19:33:14
7071122079,7071122079,Artur,Archer1611,–ù–æ–≤–∞–º–æ—Å–∫–æ–≤—Å–∫,2026-02-19 19:33:31
7071122079,7071122079,Artur,Archer1611,üîÑ –°–ø—Ä–æ–±—É–π –∑–∞–Ω–æ–≤–æ,2026-02-19 19:34:15
7071122079,7071122079,Artur,Archer1611,üîÑ –°–ø—Ä–æ–±—É–π –∑–∞–Ω–æ–≤–æ,2026-02-19 19:38:24
7071122079,7071122079,Artur,Archer1611,–ö–∞–ª—É–≥–∞,2026-02-19 19:38:29
7071122079,7071122079,Artur,Archer1611,üîÑ –°–ø—Ä–æ–±—É–π –∑–∞–Ω–æ–≤–æ,2026-02-19 19:38:38
7071122079,7071122079,Artur,Archer1611,–ö–∞–ª—É–≥–∞,2026-02-19 19:38:46
7071122079,7071122079,Artur,Archer1611,üîÑ –°–ø—Ä–æ–±—É–π –∑–∞–Ω–æ–≤–æ,2026-02-19 19:39:02
7071122079,7071122079,Artur,Archer1611,–ö–∞–ª—É–≥–∞,2026-02-19 19:39:09
7071122079,7071122079,Artur,Archer1611,–ö–∏–µ–≤,2026-02-19 19:39:27
7071122079,7071122079,Artur,Archer1611,üîÑ –°–ø—Ä–æ–±—É–π –∑–∞–Ω–æ–≤–æ,2026-02-19 19:40:40
7071122079,7071122079,Artur,Archer1611,–ö–∏–µ–≤,2026-02-19 19:40:45
7071122079,7071122079,Artur,Archer1611,üîÑ –°–ø—Ä–æ–±—É–π –∑–∞–Ω–æ–≤–æ,2026-02-19 19:45:11
7071122079,7071122079,Artur,Archer1611,–û–º—Å–∫,2026-02-19 19:45:16
7071122079,7071122079,Artur,Archer1611,–ë–µ—Ä–¥–∏—á–µ–≤,2026-02-19 19:48:42
7071122079,7071122079,Artur,Archer1611,üîÑ –°–ø—Ä–æ–±—É–π –∑–∞–Ω–æ–≤–æ,2026-02-19 19:50:52
7071122079,7071122079,Artur,Archer1611,–ö–∏–µ–≤,2026-02-19 19:50:56
7071122079,7071122079,Artur,Archer1611,–ê—Å—Ç—Ä–∞—Ö–∞–Ω—å,2026-02-19 19:51:12
7071122079,7071122079,Artur,Archer1611,–î–Ω–µ–ø—Ä,2026-02-19 19:51:20
7071122079,7071122079,Artur,Archer1611,üîÑ –°–ø—Ä–æ–±—É–π –∑–∞–Ω–æ–≤–æ,2026-02-19 19:54:53
7071122079,7071122079,Artur,Archer1611,–î–Ω–µ–ø—Ä,2026-02-19 19:54:58
7071122079,7071122079,Artur,Archer1611,üîÑ –°–ø—Ä–æ–±—É–π –∑–∞–Ω–æ–≤–æ,2026-02-19 20:04:54
7071122079,7071122079,Artur,Archer1611,–ö–∏–µ–≤,2026-02-19 20:05:01
7071122079,7071122079,Artur,Archer1611,üîÑ –°–ø—Ä–æ–±—É–π –∑–∞–Ω–æ–≤–æ,2026-02-19 20:07:42
7071122079,7071122079,Artur,Archer1611,–î–Ω–µ–ø—Ä,2026-02-19 20:07:47
7071122079,7071122079,Artur,Archer1611,–û—Å–ª–æ,2026-02-19 20:08:01
7071122079,7071122079,Artur,Archer1611,üîÑ –°–ø—Ä–æ–±—É–π –∑–∞–Ω–æ–≤–æ,2026-02-19 20:09:18
7071122079,7071122079,Artur,Archer1611,–î–Ω–µ–ø—Ä,2026-02-19 20:09:23
7071122079,7071122079,Artur,Archer1611,–£—Ñ–∞,2026-02-19 20:09:32
7071122079,7071122079,Artur,Archer1611,üîÑ –°–ø—Ä–æ–±—É–π –∑–∞–Ω–æ–≤–æ,2026-02-19 20:10:46
7071122079,7071122079,Artur,Archer1611,–î–Ω–µ–ø—Ä,2026-02-19 20:10:50
7071122079,7071122079,Artur,Archer1611,üîÑ –°–ø—Ä–æ–±—É–π –∑–∞–Ω–æ–≤–æ,2026-02-19 20:26:12
7071122079,7071122079,Artur,Archer1611,–î–Ω–µ–ø—Ä,2026-02-19 20:26:17
7071122079,7071122079,Artur,Archer1611,üîÑ –°–ø—Ä–æ–±—É–π –∑–∞–Ω–æ–≤–æ,2026-02-19 20:34:09
7071122079,7071122079,Artur,Archer1611,–î–Ω–µ–ø—Ä,2026-02-19 20:34:15
7071122079,7071122079,Artur,Archer1611,–£—Ñ–∞,2026-02-19 20:34:39
7071122079,7071122079,Artur,Archer1611,–ò —á—Ç–æ?,2026-02-19 20:34:49
7071122079,7071122079,Artur,Archer1611,–£—Ñ–∞,2026-02-19 20:35:02
7071122079,7071122079,Artur,Archer1611,üîÑ –°–ø—Ä–æ–±—É–π –∑–∞–Ω–æ–≤–æ,2026-02-19 21:32:45
7071122079,7071122079,Artur,Archer1611,–î–Ω–µ–ø—Ä,2026-02-19 21:32:49
7071122079,7071122079,Artur,Archer1611,–û–º—Å–∫,2026-02-19 21:33:03
7071122079,7071122079,Artur,Archer1611,üîÑ –°–ø—Ä–æ–±—É–π –∑–∞–Ω–æ–≤–æ,2026-02-20 06:18:20
7071122079,7071122079,Artur,Archer1611,–û–º—Å–∫,2026-02-20 06:18:29
7071122079,7071122079,Artur,Archer1611,–ù–æ–≤–æ–º–æ—Å–∫–æ–≤—Å–∫,2026-02-20 06:18:57
7071122079,7071122079,Artur,Archer1611,–ê—Å—Ç—Ä–∞—Ö–∞–Ω—å,2026-02-20 06:19:22
7071122079,7071122079,Artur,Archer1611,–î–Ω–µ–ø—Ä,2026-02-20 06:19:38
7071122079,7071122079,Artur,Archer1611,–£—Ñ–∞,2026-02-20 06:19:49
7071122079,7071122079,Artur,Archer1611,–ö–∞–ª—É–≥–∞,2026-02-20 06:20:29
7071122079,7071122079,Artur,Archer1611,–ö–∞–ª—É–≥–∞,2026-02-20 06:20:52
7071122079,7071122079,Artur,Archer1611,–ö–∏–µ–≤,2026-02-20 06:21:09
7071122079,7071122079,Artur,Archer1611,–ñ–∏—Ç–æ–º–∏—Ä,2026-02-20 06:21:20
7071122079,7071122079,Artur,Archer1611,–ù—å—é –π–æ—Ä–∫,2026-02-20 06:21:44
7071122079,7071122079,Artur,Archer1611,–î–æ–Ω–µ—Ü–∫,2026-02-20 06:22:01
7071122079,7071122079,Artur,Archer1611,–ê–º—Å—Ç–µ—Ä–¥–∞–º,2026-02-20 06:22:24
7071122079,7071122079,Artur,Archer1611,–ê–Ω–∫–∞—Ä–∞,2026-02-20 06:22:36
7071122079,7071122079,Artur,Archer1611,–¢—é–º–µ–Ω—å,2026-02-20 06:22:57
7071122079,7071122079,Artur,Archer1611,–ö—É—Ä—Å–∫,2026-02-20 06:23:10
7071122079,7071122079,Artur,Archer1611,üîÑ –°–ø—Ä–æ–±—É–π –∑–∞–Ω–æ–≤–æ,2026-02-20 06:25:46
7071122079,7071122079,Artur,Archer1611,–ö–∞–ª—É–≥–∞,2026-02-20 06:25:54
7071122079,7071122079,Artur,Archer1611,–ö–∏–µ–≤,2026-02-20 06:26:06
7071122079,7071122079,Artur,Archer1611,–ñ–∏—Ç–æ–º–∏—Ä,2026-02-20 06:26:21
7071122079,7071122079,Artur,Archer1611,–ù–æ–≤–æ–º–æ—Å–∫–æ–≤—Å–∫,2026-02-20 06:26:43
7071122079,7071122079,Artur,Archer1611,–ê—Å—Ç—Ä–∞—Ö–∞–Ω—å,2026-02-20 06:26:58
7071122079,7071122079,Artur,Archer1611,–î–Ω–µ–ø—Ä,2026-02-20 06:27:12
7071122079,7071122079,Artur,Archer1611,–ü–ø—Ä–∏–∞–∞–∫–æ,2026-02-20 06:27:22
7071122079,7071122079,Artur,Archer1611,–£–∞–∞–∞—Ä–µ–∞–º—Ä–æ,2026-02-20 06:27:37
7071122079,7071122079,Artur,Archer1611,–£–∫–µ—É–≤–≤–≤–∞,2026-02-20 06:27:57
7071122079,7071122079,Artur,Archer1611,üí° –ü—ñ–¥–∫–∞–∑–∫–∞,2026-02-20 06:28:15
7071122079,7071122079,Artur,Archer1611,–£—Ñ–∞,2026-02-20 06:28:30
7071122079,7071122079,Artur,Archer1611,–ö—É—Ä—Å–∫,2026-02-20 06:28:58
7071122079,7071122079,Artur,Archer1611,–î–Ω–µ–ø—Ä,2026-02-20 06:29:10
7071122079,7071122079,Artur,Archer1611,–î–µ—Ç—Ä–æ–π—Ç,2026-02-20 06:30:05
7071122079,7071122079,Artur,Archer1611,–ù—é–Ω–±–µ—Ä–≥,2026-02-20 06:30:33
7071122079,7071122079,Artur,Archer1611,–û—Å–ª–æ,2026-02-20 06:30:58
7071122079,7071122079,Artur,Archer1611,–ö–∏–∏–∞,2026-02-20 06:31:20
7071122079,7071122079,Artur,Archer1611,–î–∞,2026-02-20 06:31:33
7071122079,7071122079,Artur,Archer1611,–ö–∏–∏–≤,2026-02-20 06:31:45
7071122079,7071122079,Artur,Archer1611,–ö–∏–µ—Ñ,2026-02-20 06:32:16
7071122079,7071122079,Artur,Archer1611,–Ø–ø–æ–Ω–∏—è,2026-02-20 06:33:06
7071122079,7071122079,Artur,Archer1611,–Ø–ª—Ç–∞,2026-02-20 06:33:22
7071122079,7071122079,Artur,Archer1611,–ê–ª—É–ø–∫–∞,2026-02-20 06:34:05
7071122079,7071122079,Artur,Archer1611,üîÑ –°–ø—Ä–æ–±—É–π –∑–∞–Ω–æ–≤–æ,2026-02-20 09:34:58
7071122079,7071122079,Artur,Archer1611,–ö–∏–µ–≤,2026-02-20 09:35:07
7071122079,7071122079,Artur,Archer1611,–ê–ª–æ–ø–∫–∞,2026-02-20 09:35:30
7071122079,7071122079,Artur,Archer1611,üîÑ –°–ø—Ä–æ–±—É–π –∑–∞–Ω–æ–≤–æ,2026-02-20 09:36:46
7071122079,7071122079,Artur,Archer1611,–ö–∏–∏–≤,2026-02-20 09:36:53
7071122079,7071122079,Artur,Archer1611,–°–æ—á–µ,2026-02-20 09:37:14
7071122079,7071122079,Artur,Archer1611,–ì–æ—Ä–ª–∞–≤–∫–∞,2026-02-20 09:37:57
7071122079,7071122079,Artur,Archer1611,–ê–ª–æ–ø–∫–∞,2026-02-20 09:38:18
7071122079,7071122079,Artur,Archer1611,–ê–ª—É–ø–∫–∞,2026-02-20 09:38:43
7071122079,7071122079,Artur,Archer1611,–ú—å—é–Ω—Ö–µ–Ω—Ä–ø–∞,2026-02-20 09:39:10
7071122079,7071122079,Artur,Archer1611,–ê–ª–æ–ø–∫–∞,2026-02-20 09:39:40
7071122079,7071122079,Artur,Archer1611,–ê–Ω–∫–∞—Ä—É—Å,2026-02-20 09:40:00
7071122079,7071122079,Artur,Archer1611,–ê–Ω–∫–∞—Ä–∞—Å–∏–º,2026-02-20 09:40:13
7071122079,7071122079,Artur,Archer1611,–ê–Ω–∫–∞—Ä–∞—Å–∏,2026-02-20 09:40:27
7071122079,7071122079,Artur,Archer1611,–ê–Ω–∫–∞—Ä–∞—Å,2026-02-20 09:40:34
7071122079,7071122079,Artur,Archer1611,–ì–æ—Ä–ª–æ–≤–∫–∞,2026-02-20 09:40:50
7071122079,7071122079,Artur,Archer1611,–ö—É—Ä–∏–ª—ã,2026-02-20 09:41:55
7071122079,7071122079,Artur,Archer1611,–ö—Ä—ã–º,2026-02-20 09:42:10
7071122079,7071122079,Artur,Archer1611,Start,2026-02-21 08:41:56
7071122079,7071122079,Artur,Archer1611,–ö–∏–µ–≤,2026-02-21 08:42:31
7071122079,7071122079,Artur,Archer1611,üí° –ü—ñ–¥–∫–∞–∑–∫–∞,2026-02-21 09:17:01
7071122079,7071122079,Artur,Archer1611,üí° –ü—ñ–¥–∫–∞–∑–∫–∞,2026-02-21 09:23:31
7071122079,7071122079,Artur,Archer1611,üí° –ü—ñ–¥–∫–∞–∑–∫–∞,2026-02-21 09:23:43
7071122079,7071122079,Artur,Archer1611,üí° –ü—ñ–¥–∫–∞–∑–∫–∞,2026-02-21 09:23:56
7071122079,7071122079,Artur,Archer1611,–ö–∏–µ–≤,2026-02-21 09:24:37
7071122079,7071122079,Artur,Archer1611,–ö–∏—ó–≤,2026-02-21 09:25:00
7071122079,7071122079,Artur,Archer1611,üí° –ü—ñ–¥–∫–∞–∑–∫–∞,2026-02-21 09:30:27
7071122079,7071122079,Artur,Archer1611,–ö–∏–µ–≤,2026-02-21 09:30:31
7071122079,7071122079,Artur,Archer1611,üí° –ü—ñ–¥–∫–∞–∑–∫–∞,2026-02-21 09:43:20
7071122079,7071122079,Artur,Archer1611,–ö–∏–µ–≤,2026-02-21 09:43:25
7071122079,7071122079,Artur,Archer1611,–ê–º–µ—Ä–∏–∫–∞,2026-02-21 09:43:47
7071122079,7071122079,Artur,Archer1611,üí° –ü—ñ–¥–∫–∞–∑–∫–∞,2026-02-21 09:43:58
7071122079,7071122079,Artur,Archer1611,–ñ–∏—Ç–æ–º–∏—Ä,2026-02-21 09:44:23
7071122079,7071122079,Artur,Archer1611,–ú–∞–¥—Ä–∏–¥,2026-02-21 09:44:42
7071122079,7071122079,Artur,Archer1611,–†—É–º—ã–Ω–∏—è,2026-02-21 09:45:02
7071122079,7071122079,Artur,Archer1611,–ü–∞—Ä–∏–∂,2026-02-21 09:50:48
7071122079,7071122079,Artur,Archer1611,–Ø–ª—Ç–æ,2026-02-21 10:10:52
7071122079,7071122079,Artur,Archer1611,–†–∏–Ω,2026-02-21 10:11:14
7071122079,7071122079,Artur,Archer1611,üí° –ü—ñ–¥–∫–∞–∑–∫–∞,2026-02-21 10:25:00
7071122079,7071122079,Artur,Archer1611,üîÑ –°–ø—Ä–æ–±—É–π –∑–∞–Ω–æ–≤–æ,2026-02-21 10:25:03
7071122079,7071122079,Artur,Archer1611,–ö–∏—ó–≤,2026-02-21 10:25:21
7071122079,7071122079,Artur,Archer1611,üîÑ –°–ø—Ä–æ–±—É–π –∑–∞–Ω–æ–≤–æ,2026-02-21 10:40:54
7071122079,7071122079,Artur,Archer1611,–ö–∏–∏–≤,2026-02-21 10:41:18
7071122079,7071122079,Artur,Archer1611,–ñ–∏—Ç–æ–º–∏—Ä,2026-02-21 10:41:31
7071122079,7071122079,Artur,Archer1611,–ú–æ—Å–∫–≤–∞,2026-02-21 10:41:43
7071122079,7071122079,Artur,Archer1611,–ê–Ω–∫–∞—Ä–∞,2026-02-21 10:41:53
7071122079,7071122079,Artur,Archer1611,–¢—é–º–µ–Ω—å,2026-02-21 10:42:06
7071122079,7071122079,Artur,Archer1611,–î–Ω–µ–ø—Ä,2026-02-21 10:42:16
7071122079,7071122079,Artur,Archer1611,–ê—Å—Ç–∞–Ω–∞,2026-02-21 10:42:28
7071122079,7071122079,Artur,Archer1611,–ê—Å—Ç–∞–Ω–∞,2026-02-21 10:43:30
7071122079,7071122079,Artur,Archer1611,–ê–Ω–∫–∞—Ä–∞,2026-02-21 10:43:38
7071122079,7071122079,Artur,Archer1611,–ê–ª—É–ø–∫–∞,2026-02-21 10:43:46
7071122079,7071122079,Artur,Archer1611,–ö–∏–µ–≤,2026-02-21 10:44:01
7071122079,7071122079,Artur,Archer1611,–ö–∏–∏–≤,2026-02-21 10:44:16
7071122079,7071122079,Artur,Archer1611,–ö–∏—ë–≤,2026-02-21 10:44:31
7071122079,7071122079,Artur,Archer1611,üîÑ –°–ø—Ä–æ–±—É–π –∑–∞–Ω–æ–≤–æ,2026-02-21 10:58:00
7071122079,7071122079,Artur,Archer1611,–ö–∏–µ–≤,2026-02-21 10:58:19
7071122079,7071122079,Artur,Archer1611,üîÑ –°–ø—Ä–æ–±—É–π –∑–∞–Ω–æ–≤–æ,2026-02-22 12:53:20
7071122079,7071122079,Artur,Archer1611,–ö–∏–µ–≤,2026-02-22 12:53:44
7071122079,7071122079,Artur,Archer1611,–ö–∞–ø—Ä–∞–∞,2026-02-22 12:54:09
7071122079,7071122079,Artur,Archer1611,–ñ–¥–ª–æ—Ä–ø–ø,2026-02-22 12:54:20
7071122079,7071122079,Artur,Archer1611,–ñ–∏—Ç–æ–º–∏—Ä,2026-02-22 12:54:34
7071122079,7071122079,Artur,Archer1611,üîÑ –°–ø—Ä–æ–±—É–π –∑–∞–Ω–æ–≤–æ,2026-02-22 13:45:07
7071122079,7071122079,Artur,Archer1611,üîÑ Start,2026-02-22 13:48:27
7071122079,7071122079,Artur,Archer1611,üîÑ Start,2026-02-22 14:12:45
7071122079,7071122079,Artur,Archer1611,üîÑ Start,2026-02-22 14:14:45
7071122079,7071122079,Artur,Archer1611,Dnipro,2026-02-22 14:15:08
7071122079,7071122079,Artur,Archer1611,Dnipro,2026-02-22 14:17:45
7071122079,7071122079,Artur,Archer1611,üîÑ Start,2026-02-22 14:25:29
7071122079,7071122079,Artur,Archer1611,Dnipro,2026-02-22 14:25:53
7071122079,7071122079,Artur,Archer1611,üîÑ Start,2026-02-22 14:29:32
7071122079,7071122079,Artur,Archer1611,Dnipro,2026-02-22 14:29:53
7071122079,7071122079,Artur,Archer1611,Dnipro,2026-02-22 14:30:16
7071122079,7071122079,Artur,Archer1611,–î–Ω–µ–ø—Ä,2026-02-22 14:30:26
7071122079,7071122079,Artur,Archer1611,–ö–∏–µ–≤,2026-02-22 14:30:32
7071122079,7071122079,Artur,Archer1611,üîÑ Start,2026-02-22 14:45:04
7071122079,7071122079,Artur,Archer1611,üîÑ Start,2026-02-22 14:45:04
7071122079,7071122079,Artur,Archer1611,Dnipro,2026-02-22 14:45:26
7071122079,7071122079,Artur,Archer1611,üîÑ Start,2026-02-22 14:45:38
7071122079,7071122079,Artur,Archer1611,–î–Ω—ñ–ø—Ä–æ,2026-02-22 14:46:00
7071122079,7071122079,Artur,Archer1611,üîÑ –°—Ç–∞—Ä—Ç,2026-02-22 14:56:16
7071122079,7071122079,Artur,Archer1611,Dnipro,2026-02-22 14:56:31
7071122079,7071122079,Artur,Archer1611,üîÑ Start,2026-02-22 15:00:02
7071122079,7071122079,Artur,Archer1611,Dnipro,2026-02-22 15:00:14
7071122079,7071122079,Artur,Archer1611,üîÑ Start,2026-02-22 15:08:24
7071122079,7071122079,Artur,Archer1611,üîÑ Start,2026-02-22 15:08:24
7071122079,7071122079,Artur,Archer1611,Dnipro,2026-02-22 15:08:37
7071122079,7071122079,Artur,Archer1611,üîÑ Start,2026-02-22 15:25:50
7071122079,7071122079,Artur,Archer1611,Dnipro,2026-02-22 15:26:10
7071122079,7071122079,Artur,Archer1611,üîÑ Start,2026-02-22 15:26:20
7071122079,7071122079,Artur,Archer1611,–î–Ω—ñ–ø—Ä–æ,2026-02-22 15:26:39
7071122079,7071122079,Artur,Archer1611,–î–Ω—ñ–ø—Ä–æ,2026-02-22 15:26:47
7071122079,7071122079,Artur,Archer1611,üîÑ –°—Ç–∞—Ä—Ç,2026-02-22 16:38:29
7071122079,7071122079,Artur,Archer1611,üîÑ –°—Ç–∞—Ä—Ç,2026-02-22 16:38:29
7071122079,7071122079,Artur,Archer1611,üîÑ –°—Ç–∞—Ä—Ç,2026-02-22 16:39:00
7071122079,7071122079,Artur,Archer1611,üîÑ –°—Ç–∞—Ä—Ç,2026-02-22 16:45:32
7071122079,7071122079,Artur,Archer1611,üîÑ –°—Ç–∞—Ä—Ç,2026-02-22 16:52:39
7071122079,7071122079,Artur,Archer1611,üîÑ –°—Ç–∞—Ä—Ç,2026-02-22 16:52:42
7071122079,7071122079,Artur,Archer1611,üîÑ –°—Ç–∞—Ä—Ç,2026-02-22 16:52:46
7071122079,7071122079,Artur,Archer1611,üîÑ –°—Ç–∞—Ä—Ç,2026-02-22 16:52:49
